lastname,firstname,email,grade
Fitzsimmons,Ketti,Ketti.Fitzsimmons@email.com,62
Bury,Katharina,Katharina.Bury@email.com,76
Emmaline,Bettine,Bettine.Emmaline@email.com,90
Trinetta,Marline,Marline.Trinetta@email.com,93
Bow,Jaclyn,Jaclyn.Bow@email.com,80
Vittoria,Sarette,Sarette.Vittoria@email.com,51
Camden,Tybie,Tybie.Camden@email.com,89
Dex,Eve,Eve.Dex@email.com,50
Weide,Inga,Inga.Weide@email.com,69
Erlandson,Jacquetta,Jacquetta.Erlandson@email.com,85
Skell,Marcy,Marcy.Skell@email.com,61
Ammann,Sara-Ann,Sara-Ann.Ammann@email.com,94
Fabiola,Basia,Basia.Fabiola@email.com,54
Kesley,Dulce,Dulce.Kesley@email.com,96
Dowski,Max,Max.Dowski@email.com,84
Deegan,Cindelyn,Cindelyn.Deegan@email.com,65
Yusuk,Carolina,Carolina.Yusuk@email.com,54
Maurine,Bertine,Bertine.Maurine@email.com,51
Seagraves,Courtnay,Courtnay.Seagraves@email.com,60
Lunsford,Perry,Perry.Lunsford@email.com,97
Edvard,Ofilia,Ofilia.Edvard@email.com,50
Hermes,Ezmeralda,Ezmeralda.Hermes@email.com,70
Kimmie,Stephanie,Stephanie.Kimmie@email.com,75
Bettine,Bobinette,Bobinette.Bettine@email.com,73
Ahab,Angela,Angela.Ahab@email.com,83
Paine,Sonni,Sonni.Paine@email.com,65
Regan,Basia,Basia.Regan@email.com,100
Fitzsimmons,Lelah,Lelah.Fitzsimmons@email.com,80
Norvol,Stacey,Stacey.Norvol@email.com,90
Lea,Dominga,Dominga.Lea@email.com,94
Daveta,Noelle,Noelle.Daveta@email.com,52
Shuler,Moyna,Moyna.Shuler@email.com,98
Roarke,Mureil,Mureil.Roarke@email.com,87
Thar,Maridel,Maridel.Thar@email.com,65
Malvino,Barbi,Barbi.Malvino@email.com,92
Norrie,Kara-Lynn,Kara-Lynn.Norrie@email.com,95
Croix,Constance,Constance.Croix@email.com,53
Ruvolo,Helsa,Helsa.Ruvolo@email.com,92
Barney,Blake,Blake.Barney@email.com,63
Flita,Phedra,Phedra.Flita@email.com,95
Burkle,Louella,Louella.Burkle@email.com,89
Elisha,Tabbatha,Tabbatha.Elisha@email.com,82
Tippets,Rayna,Rayna.Tippets@email.com,66
Swigart,Raina,Raina.Swigart@email.com,69
Erlandson,Shell,Shell.Erlandson@email.com,96
Sallyann,Merry,Merry.Sallyann@email.com,69
Constancy,Lory,Lory.Constancy@email.com,88
Joachim,Joy,Joy.Joachim@email.com,60
Cosenza,Ninnetta,Ninnetta.Cosenza@email.com,76
Ovid,Violet,Violet.Ovid@email.com,53
Luhe,Joeann,Joeann.Luhe@email.com,86
Colbert,Tiffie,Tiffie.Colbert@email.com,70
Stilwell,Chastity,Chastity.Stilwell@email.com,85
Paton,Trudie,Trudie.Paton@email.com,92
Si,Hallie,Hallie.Si@email.com,87
LaRue,Dede,Dede.LaRue@email.com,52
Deny,Bernie,Bernie.Deny@email.com,58
Pacorro,Tabbatha,Tabbatha.Pacorro@email.com,58
Ashok,Minda,Minda.Ashok@email.com,72
Marden,Betta,Betta.Marden@email.com,60
Thilda,Nessie,Nessie.Thilda@email.com,65
Giff,Lucy,Lucy.Giff@email.com,89
Leary,Ursulina,Ursulina.Leary@email.com,76
Bultman,Deirdre,Deirdre.Bultman@email.com,86
Lail,Britte,Britte.Lail@email.com,59
Iphlgenia,Dennie,Dennie.Iphlgenia@email.com,82
Maryanne,Elka,Elka.Maryanne@email.com,82
Noelyn,Devina,Devina.Noelyn@email.com,58
Maxi,Aurore,Aurore.Maxi@email.com,75
Pascia,Constance,Constance.Pascia@email.com,61
Infield,Feliza,Feliza.Infield@email.com,54
Lubin,Jsandye,Jsandye.Lubin@email.com,56
Khorma,Elyssa,Elyssa.Khorma@email.com,51
Holbrook,Ofilia,Ofilia.Holbrook@email.com,89
Hylan,Kathi,Kathi.Hylan@email.com,77
Lucienne,Clary,Clary.Lucienne@email.com,81
Fadiman,Tressa,Tressa.Fadiman@email.com,52
Evangelia,Merci,Merci.Evangelia@email.com,65
Sprage,Ottilie,Ottilie.Sprage@email.com,68
Lorain,Berget,Berget.Lorain@email.com,66
Ruvolo,Dacia,Dacia.Ruvolo@email.com,95
Carlson,Gilda,Gilda.Carlson@email.com,59
Winthorpe,Renae,Renae.Winthorpe@email.com,61
Erskine,Michaelina,Michaelina.Erskine@email.com,66
Belldas,Alyda,Alyda.Belldas@email.com,51
Erskine,Isa,Isa.Erskine@email.com,70
Bluh,Rhea,Rhea.Bluh@email.com,62
Joachim,Olwen,Olwen.Joachim@email.com,100
Goddard,Bobbi,Bobbi.Goddard@email.com,78
Haymes,Amara,Amara.Haymes@email.com,53
Buckler,Marcelline,Marcelline.Buckler@email.com,76
Sacken,Elsie,Elsie.Sacken@email.com,63
Jary,Feliza,Feliza.Jary@email.com,73
Lutero,Dawn,Dawn.Lutero@email.com,56
Olin,Rivalee,Rivalee.Olin@email.com,57
Constancy,Margarette,Margarette.Constancy@email.com,88
Wolfgram,Correy,Correy.Wolfgram@email.com,67
Destinee,Margette,Margette.Destinee@email.com,60
Vivle,Jorry,Jorry.Vivle@email.com,59
Emmaline,Jacenta,Jacenta.Emmaline@email.com,87
Pearse,Lynnea,Lynnea.Pearse@email.com,87
Carey,Stacey,Stacey.Carey@email.com,92
Anestassia,Letizia,Letizia.Anestassia@email.com,83
Sprage,Laure,Laure.Sprage@email.com,64
Milson,Hope,Hope.Milson@email.com,51
Seumas,Modestia,Modestia.Seumas@email.com,61
Tyson,Joceline,Joceline.Tyson@email.com,60
Emmaline,Silvana,Silvana.Emmaline@email.com,56
Gualtiero,Ilse,Ilse.Gualtiero@email.com,99
Arathorn,Gusella,Gusella.Arathorn@email.com,75
Bartlett,Sabina,Sabina.Bartlett@email.com,100
Malina,Karolina,Karolina.Malina@email.com,54
Tremayne,Korrie,Korrie.Tremayne@email.com,77
Wolfgram,Maud,Maud.Wolfgram@email.com,87
Harriman,Alisha,Alisha.Harriman@email.com,64
Roarke,Randa,Randa.Roarke@email.com,65
Alabaster,Cacilie,Cacilie.Alabaster@email.com,59
Rosalba,Meghann,Meghann.Rosalba@email.com,69
Jarib,Mary,Mary.Jarib@email.com,83
Solitta,Michaelina,Michaelina.Solitta@email.com,61
Timon,Leontine,Leontine.Timon@email.com,88
Calhoun,Mureil,Mureil.Calhoun@email.com,86
Swanhildas,Ileana,Ileana.Swanhildas@email.com,63
Guthrie,Mellicent,Mellicent.Guthrie@email.com,61
Durante,Ezmeralda,Ezmeralda.Durante@email.com,100
Gherardo,Tera,Tera.Gherardo@email.com,51
O'Carroll,Bobinette,Bobinette.O'Carroll@email.com,73
Rocray,Henriette,Henriette.Rocray@email.com,67
Bohlin,Celene,Celene.Bohlin@email.com,69
Engdahl,Kara-Lynn,Kara-Lynn.Engdahl@email.com,64
Kristi,Britte,Britte.Kristi@email.com,74
Keelia,Fanchon,Fanchon.Keelia@email.com,57
Tarrant,Alisha,Alisha.Tarrant@email.com,88
Tayib,Elvira,Elvira.Tayib@email.com,55
Elo,Darci,Darci.Elo@email.com,72
Linehan,Merrie,Merrie.Linehan@email.com,61
Ludewig,Sabina,Sabina.Ludewig@email.com,66
Ulphia,Genovera,Genovera.Ulphia@email.com,83
Lunsford,Heida,Heida.Lunsford@email.com,90
Henrie,Elora,Elora.Henrie@email.com,69
Vacuva,Ethel,Ethel.Vacuva@email.com,56
Gaynor,Kirstin,Kirstin.Gaynor@email.com,62
Frendel,Lorne,Lorne.Frendel@email.com,85
Terencio,Charmaine,Charmaine.Terencio@email.com,91
Matthew,Gale,Gale.Matthew@email.com,92
Cimbura,Brandise,Brandise.Cimbura@email.com,52
Torray,Sara-Ann,Sara-Ann.Torray@email.com,78
Chapland,Allyce,Allyce.Chapland@email.com,58
Autrey,Bertine,Bertine.Autrey@email.com,63
Dichy,Elsie,Elsie.Dichy@email.com,90
Whiffen,Stevana,Stevana.Whiffen@email.com,86
Bach,Raina,Raina.Bach@email.com,98
Ludewig,Mildrid,Mildrid.Ludewig@email.com,100
Pandolfi,Chloris,Chloris.Pandolfi@email.com,93
Goddard,Flory,Flory.Goddard@email.com,87
Edvard,Ezmeralda,Ezmeralda.Edvard@email.com,51
Pulsifer,Ulrike,Ulrike.Pulsifer@email.com,63
Suzetta,Ebonee,Ebonee.Suzetta@email.com,76
Cleavland,Ayn,Ayn.Cleavland@email.com,88
Anselmi,Ira,Ira.Anselmi@email.com,92
Lunsford,Deloria,Deloria.Lunsford@email.com,98
Uund,Almeta,Almeta.Uund@email.com,69
Raffo,Konstance,Konstance.Raffo@email.com,69
Grobe,Anestassia,Anestassia.Grobe@email.com,65
Palocz,Sallie,Sallie.Palocz@email.com,79
Slifka,Heddie,Heddie.Slifka@email.com,77
Trace,Gui,Gui.Trace@email.com,90
Morehouse,Winny,Winny.Morehouse@email.com,65
Payson,Sybille,Sybille.Payson@email.com,70
Naashom,Christal,Christal.Naashom@email.com,76
Bonucci,Siana,Siana.Bonucci@email.com,77
Bashemeth,Ardenia,Ardenia.Bashemeth@email.com,80
Lacombe,Yolane,Yolane.Lacombe@email.com,72
Ivens,Rebeca,Rebeca.Ivens@email.com,91
Doig,Mahalia,Mahalia.Doig@email.com,55
Carvey,Talya,Talya.Carvey@email.com,78
Lilybelle,Beth,Beth.Lilybelle@email.com,58
Mike,Chere,Chere.Mike@email.com,94
Carleen,Rubie,Rubie.Carleen@email.com,100
Leifeste,Ketti,Ketti.Leifeste@email.com,68
Croix,Barbara,Barbara.Croix@email.com,84
Daveta,Laurene,Laurene.Daveta@email.com,52
Urania,Dulcinea,Dulcinea.Urania@email.com,57
Wildermuth,Jaclyn,Jaclyn.Wildermuth@email.com,57
Infield,Nessie,Nessie.Infield@email.com,70
Katrine,Elyssa,Elyssa.Katrine@email.com,86
Barbey,Sandie,Sandie.Barbey@email.com,87
Vernier,Micheline,Micheline.Vernier@email.com,58
Maples,Camile,Camile.Maples@email.com,54
Bahr,Lorie,Lorie.Bahr@email.com,84
Si,Nollie,Nollie.Si@email.com,95
Ardra,Gabriellia,Gabriellia.Ardra@email.com,64
Daveta,Ebonee,Ebonee.Daveta@email.com,72
Montgomery,Rhoda,Rhoda.Montgomery@email.com,51
Shelba,Ursulina,Ursulina.Shelba@email.com,77
Horan,Myriam,Myriam.Horan@email.com,52
Pozzy,Gratia,Gratia.Pozzy@email.com,55
Ochs,Dorothy,Dorothy.Ochs@email.com,78
Desai,Dari,Dari.Desai@email.com,51
Raffo,Christal,Christal.Raffo@email.com,98
Philoo,Letizia,Letizia.Philoo@email.com,62
Brenn,Joelly,Joelly.Brenn@email.com,67
Jobi,Ketti,Ketti.Jobi@email.com,86
Kravits,Shauna,Shauna.Kravits@email.com,82
Leopold,Elfreda,Elfreda.Leopold@email.com,50
Quent,Molli,Molli.Quent@email.com,61
Hutchison,Dulcinea,Dulcinea.Hutchison@email.com,69
Berard,Vinita,Vinita.Berard@email.com,74
Atonsah,Blondelle,Blondelle.Atonsah@email.com,93
Means,Candy,Candy.Means@email.com,78
Emmy,Kaja,Kaja.Emmy@email.com,86
Adamsen,Alexine,Alexine.Adamsen@email.com,85
Joseph,Dari,Dari.Joseph@email.com,85
Sparhawk,Donnie,Donnie.Sparhawk@email.com,83
Hillel,Kathy,Kathy.Hillel@email.com,62
Barrus,Marti,Marti.Barrus@email.com,52
Trey,Kaia,Kaia.Trey@email.com,94
Viddah,Cherilyn,Cherilyn.Viddah@email.com,66
Ogren,Willetta,Willetta.Ogren@email.com,63
Narton,Cristabel,Cristabel.Narton@email.com,85
Tamar,Elvira,Elvira.Tamar@email.com,86
Couture,Deirdre,Deirdre.Couture@email.com,91
Letsou,Wynne,Wynne.Letsou@email.com,75
Cloris,Maridel,Maridel.Cloris@email.com,75
Loleta,Britni,Britni.Loleta@email.com,82
Silvan,Millie,Millie.Silvan@email.com,72
Myrilla,Nanete,Nanete.Myrilla@email.com,54
Christal,Cacilie,Cacilie.Christal@email.com,56
Payson,Blake,Blake.Payson@email.com,61
Brackely,Arlina,Arlina.Brackely@email.com,51
Edee,Catrina,Catrina.Edee@email.com,91
Couture,Florie,Florie.Couture@email.com,82
Sasnett,Sheelagh,Sheelagh.Sasnett@email.com,68
Alisia,Jeanna,Jeanna.Alisia@email.com,81
Modie,Charissa,Charissa.Modie@email.com,80
Mike,Jacenta,Jacenta.Mike@email.com,68
Ehrman,Miquela,Miquela.Ehrman@email.com,94
Maxi,Clarice,Clarice.Maxi@email.com,53
Paton,Anallese,Anallese.Paton@email.com,60
Braun,Frances,Frances.Braun@email.com,71
Tamsky,Belinda,Belinda.Tamsky@email.com,70
Esmaria,Merci,Merci.Esmaria@email.com,58
Katrine,Zia,Zia.Katrine@email.com,88
Woodberry,Lanna,Lanna.Woodberry@email.com,63
Giule,Ada,Ada.Giule@email.com,78
Warthman,Briney,Briney.Warthman@email.com,88
Hessler,Tierney,Tierney.Hessler@email.com,67
Marsden,Dacia,Dacia.Marsden@email.com,76
Ricki,Celestyna,Celestyna.Ricki@email.com,86
Ball,Berget,Berget.Ball@email.com,77
Glovsky,Fidelia,Fidelia.Glovsky@email.com,58
Montgomery,Damaris,Damaris.Montgomery@email.com,68
Gladstone,Giustina,Giustina.Gladstone@email.com,95
Hanshaw,Jsandye,Jsandye.Hanshaw@email.com,64
Faso,Roberta,Roberta.Faso@email.com,85
Bendick,Asia,Asia.Bendick@email.com,51
Moina,Gerianna,Gerianna.Moina@email.com,97
Vittoria,Caressa,Caressa.Vittoria@email.com,75
Noman,Nananne,Nananne.Noman@email.com,74
Lia,Kalina,Kalina.Lia@email.com,97
Fulmer,Pearline,Pearline.Fulmer@email.com,70
Seligman,Antonietta,Antonietta.Seligman@email.com,87
Albertine,Albertina,Albertina.Albertine@email.com,81
Fillbert,Shannah,Shannah.Fillbert@email.com,84
Johnsson,Di,Di.Johnsson@email.com,79
Wadell,Fanny,Fanny.Wadell@email.com,76
Freddi,Mildrid,Mildrid.Freddi@email.com,55
Llovera,Debee,Debee.Llovera@email.com,77
Rooney,Ebonee,Ebonee.Rooney@email.com,73
Cadmar,Priscilla,Priscilla.Cadmar@email.com,70
Kunin,Courtnay,Courtnay.Kunin@email.com,99
Flyn,Talya,Talya.Flyn@email.com,68
Roche,Nyssa,Nyssa.Roche@email.com,93
Presber,Genevra,Genevra.Presber@email.com,54
Giule,Korrie,Korrie.Giule@email.com,58
Nadia,Cathyleen,Cathyleen.Nadia@email.com,95
Edee,Carlie,Carlie.Edee@email.com,74
Lorenz,Lenna,Lenna.Lorenz@email.com,69
Hermes,Lolita,Lolita.Hermes@email.com,69
Khorma,Barbara,Barbara.Khorma@email.com,66
Anis,Gusty,Gusty.Anis@email.com,57
Lorenz,Blondelle,Blondelle.Lorenz@email.com,89
Colleen,Averyl,Averyl.Colleen@email.com,79
Rustice,Zia,Zia.Rustice@email.com,60
Bertold,Phylis,Phylis.Bertold@email.com,93
Hessler,Madelle,Madelle.Hessler@email.com,68
Gamaliel,Di,Di.Gamaliel@email.com,73
Meter,Marguerite,Marguerite.Meter@email.com,66
Ehrman,Allis,Allis.Ehrman@email.com,74
Grobe,Leontine,Leontine.Grobe@email.com,68
Delacourt,Marika,Marika.Delacourt@email.com,89
Soneson,Arlina,Arlina.Soneson@email.com,97
Seagraves,Frank,Frank.Seagraves@email.com,77
Creamer,Fred,Fred.Creamer@email.com,60
Magnolia,Marleah,Marleah.Magnolia@email.com,72
Darian,Betta,Betta.Darian@email.com,87
Peonir,Estell,Estell.Peonir@email.com,86
Kussell,Leanna,Leanna.Kussell@email.com,62
Rillings,Neila,Neila.Rillings@email.com,100
Euridice,Agnese,Agnese.Euridice@email.com,80
Oster,Rori,Rori.Oster@email.com,94
Gemini,Mahalia,Mahalia.Gemini@email.com,92
Fiann,Blinni,Blinni.Fiann@email.com,60
Daniele,Livvyy,Livvyy.Daniele@email.com,89
Terencio,Sam,Sam.Terencio@email.com,79
Olympium,Kittie,Kittie.Olympium@email.com,93
Dom,Hayley,Hayley.Dom@email.com,78
Pandolfi,Kathi,Kathi.Pandolfi@email.com,51
Regan,Emilia,Emilia.Regan@email.com,58
Dorothy,Celene,Celene.Dorothy@email.com,98
Cosenza,Nikki,Nikki.Cosenza@email.com,84
Ogren,Gabriellia,Gabriellia.Ogren@email.com,97
Jillane,Reeba,Reeba.Jillane@email.com,89
Evangelia,Rosaline,Rosaline.Evangelia@email.com,54
Egbert,Leontine,Leontine.Egbert@email.com,95
Lareena,Kristan,Kristan.Lareena@email.com,61
Merell,Gerianna,Gerianna.Merell@email.com,62
Rhu,Olivette,Olivette.Rhu@email.com,52
Hoban,Patricia,Patricia.Hoban@email.com,87
Pierette,Jobi,Jobi.Pierette@email.com,84
Fulmer,Cristine,Cristine.Fulmer@email.com,59
Caitlin,Cindelyn,Cindelyn.Caitlin@email.com,67
Zachary,Fayre,Fayre.Zachary@email.com,90
Bigner,Calla,Calla.Bigner@email.com,59
Delila,Tonia,Tonia.Delila@email.com,89
Elvyn,Ardys,Ardys.Elvyn@email.com,69
Revkah,Clarice,Clarice.Revkah@email.com,82
Sibyls,Maisey,Maisey.Sibyls@email.com,87
Kristi,Hermione,Hermione.Kristi@email.com,92
Stover,Kimmy,Kimmy.Stover@email.com,58
Pelagias,Max,Max.Pelagias@email.com,61
Marden,Halette,Halette.Marden@email.com,94
Adore,Kimberley,Kimberley.Adore@email.com,96
Loeb,Dorene,Dorene.Loeb@email.com,82
Winnick,Dawn,Dawn.Winnick@email.com,97
Louanna,Zia,Zia.Louanna@email.com,92
Haymes,Blinni,Blinni.Haymes@email.com,63
Hurley,Jennica,Jennica.Hurley@email.com,75
Peg,Daune,Daune.Peg@email.com,62
Oster,Blondelle,Blondelle.Oster@email.com,74
MacIntosh,Louella,Louella.MacIntosh@email.com,83
Myrilla,Elvira,Elvira.Myrilla@email.com,53
Ogren,Daryl,Daryl.Ogren@email.com,77
Ursulette,Rochette,Rochette.Ursulette@email.com,75
Eachern,Corina,Corina.Eachern@email.com,66
Grimbly,Kirstin,Kirstin.Grimbly@email.com,51
Salvidor,Fanny,Fanny.Salvidor@email.com,62
Georgy,Brena,Brena.Georgy@email.com,96
Sibyls,Nannie,Nannie.Sibyls@email.com,76
Noelyn,Kathy,Kathy.Noelyn@email.com,50
Urias,Max,Max.Urias@email.com,65
Tound,Natka,Natka.Tound@email.com,95
Uird,Perry,Perry.Uird@email.com,73
Brandice,Kathi,Kathi.Brandice@email.com,53
Cyrie,Gusty,Gusty.Cyrie@email.com,52
Loring,Lory,Lory.Loring@email.com,83
Lanita,Myriam,Myriam.Lanita@email.com,95
Carleen,Madelle,Madelle.Carleen@email.com,57
Jary,Ilse,Ilse.Jary@email.com,50
Tamsky,Lauryn,Lauryn.Tamsky@email.com,55
Chem,Hannis,Hannis.Chem@email.com,81
Orlene,Juliane,Juliane.Orlene@email.com,56
Lamoree,Loree,Loree.Lamoree@email.com,96
Ursulette,Eadie,Eadie.Ursulette@email.com,55
Norrie,Tami,Tami.Norrie@email.com,66
Dahlia,Linet,Linet.Dahlia@email.com,90
Leonard,Kirstin,Kirstin.Leonard@email.com,92
Daegal,Mathilda,Mathilda.Daegal@email.com,81
Saree,Carmencita,Carmencita.Saree@email.com,69
Whiffen,Elfreda,Elfreda.Whiffen@email.com,88
Dowski,Jorry,Jorry.Dowski@email.com,95
Bonucci,Sadie,Sadie.Bonucci@email.com,76
Rad,Addia,Addia.Rad@email.com,80
Niccolo,Devina,Devina.Niccolo@email.com,50
Kamaria,Selia,Selia.Kamaria@email.com,99
Lynn,Norine,Norine.Lynn@email.com,88
Byrne,Arabel,Arabel.Byrne@email.com,67
Ahab,Dione,Dione.Ahab@email.com,54
Caitlin,Jaclyn,Jaclyn.Caitlin@email.com,76
Martsen,Edee,Edee.Martsen@email.com,68
Chabot,Patricia,Patricia.Chabot@email.com,53
Papageno,Sybille,Sybille.Papageno@email.com,50
Boycey,Sophia,Sophia.Boycey@email.com,67
Giff,Alameda,Alameda.Giff@email.com,52
Mullane,Flo,Flo.Mullane@email.com,52
Allare,Hannis,Hannis.Allare@email.com,57
Whittaker,Wanda,Wanda.Whittaker@email.com,99
Wesle,Annaliese,Annaliese.Wesle@email.com,80
Nelsen,Maisey,Maisey.Nelsen@email.com,70
Allare,Kylynn,Kylynn.Allare@email.com,82
Kiersten,Deane,Deane.Kiersten@email.com,54
Bibi,Shaine,Shaine.Bibi@email.com,88
Friede,Lorenza,Lorenza.Friede@email.com,51
Leonard,Darci,Darci.Leonard@email.com,55
Read,Silvana,Silvana.Read@email.com,83
Hessler,Hope,Hope.Hessler@email.com,97
Yate,Jessamyn,Jessamyn.Yate@email.com,71
Kress,Benita,Benita.Kress@email.com,50
Gemini,Lanae,Lanae.Gemini@email.com,71
Raseda,Tersina,Tersina.Raseda@email.com,71
Pulsifer,Chastity,Chastity.Pulsifer@email.com,66
Schlosser,Katleen,Katleen.Schlosser@email.com,60
Martguerita,Shandie,Shandie.Martguerita@email.com,78
Munn,Merle,Merle.Munn@email.com,55
Alice,Gratia,Gratia.Alice@email.com,70
Bonilla,Aubrie,Aubrie.Bonilla@email.com,100
Delila,Marti,Marti.Delila@email.com,59
Vernier,Chandra,Chandra.Vernier@email.com,88
Klotz,Nadine,Nadine.Klotz@email.com,60
Harl,Elka,Elka.Harl@email.com,61
Bebe,Suzette,Suzette.Bebe@email.com,76
Read,Asia,Asia.Read@email.com,57
Sherrie,Melodie,Melodie.Sherrie@email.com,99
Pandolfi,Emma,Emma.Pandolfi@email.com,61
Kenwood,Aigneis,Aigneis.Kenwood@email.com,79
Melan,Gianina,Gianina.Melan@email.com,88
Jena,Orsola,Orsola.Jena@email.com,61
Corabella,Kristina,Kristina.Corabella@email.com,84
Cyrie,Frances,Frances.Cyrie@email.com,81
Cecile,Laurene,Laurene.Cecile@email.com,91
Drisko,Hope,Hope.Drisko@email.com,94
Alarise,Dyann,Dyann.Alarise@email.com,59
Drus,Antonietta,Antonietta.Drus@email.com,96
Leifeste,Tamqrah,Tamqrah.Leifeste@email.com,57
Travax,Maisey,Maisey.Travax@email.com,58
Guthrie,Teddie,Teddie.Guthrie@email.com,77
Carri,Gusella,Gusella.Carri@email.com,54
Knowling,Veda,Veda.Knowling@email.com,79
Simmonds,Kellen,Kellen.Simmonds@email.com,76
Dimitris,Molli,Molli.Dimitris@email.com,67
Wittie,Adele,Adele.Wittie@email.com,54
Dahlia,Briney,Briney.Dahlia@email.com,65
Markman,Genovera,Genovera.Markman@email.com,65
Bow,Belva,Belva.Bow@email.com,61
Allys,Elena,Elena.Allys@email.com,61
Penelopa,Giustina,Giustina.Penelopa@email.com,82
Jary,Fanny,Fanny.Jary@email.com,53
Gunn,Latisha,Latisha.Gunn@email.com,87
Kazimir,Di,Di.Kazimir@email.com,56
Halla,Mellicent,Mellicent.Halla@email.com,92
Vorster,Fidelia,Fidelia.Vorster@email.com,86
Dimitris,Marita,Marita.Dimitris@email.com,55
Infield,Cathyleen,Cathyleen.Infield@email.com,81
Creamer,Halette,Halette.Creamer@email.com,81
McClimans,Hollie,Hollie.McClimans@email.com,72
Freddi,Karly,Karly.Freddi@email.com,97
Barbey,Nessie,Nessie.Barbey@email.com,99
Corilla,Mariele,Mariele.Corilla@email.com,100
Caitlin,Kirstin,Kirstin.Caitlin@email.com,96
Demitria,Selma,Selma.Demitria@email.com,55
Lubin,Chastity,Chastity.Lubin@email.com,90
Schlosser,Gusella,Gusella.Schlosser@email.com,79
Stefa,Babita,Babita.Stefa@email.com,50
Chapland,Sybille,Sybille.Chapland@email.com,86
Anestassia,Gaylene,Gaylene.Anestassia@email.com,64
Cyrie,Diena,Diena.Cyrie@email.com,92
Morgun,Sheree,Sheree.Morgun@email.com,68
Merell,Myriam,Myriam.Merell@email.com,61
Delp,Averyl,Averyl.Delp@email.com,51
Halla,Sonni,Sonni.Halla@email.com,58
Craggie,Jolyn,Jolyn.Craggie@email.com,84
Ahab,Dania,Dania.Ahab@email.com,63
Dearborn,Sadie,Sadie.Dearborn@email.com,98
Judye,Kary,Kary.Judye@email.com,80
Deegan,Vanessa,Vanessa.Deegan@email.com,62
Wilkinson,Codie,Codie.Wilkinson@email.com,93
Berne,Chandra,Chandra.Berne@email.com,59
Morgun,Norine,Norine.Morgun@email.com,91
Infield,Tybie,Tybie.Infield@email.com,85
Wyn,Emmey,Emmey.Wyn@email.com,95
Newell,Rivalee,Rivalee.Newell@email.com,61
Heidt,Rochette,Rochette.Heidt@email.com,56
Barney,Marguerite,Marguerite.Barney@email.com,69
Ries,Marti,Marti.Ries@email.com,65
Claudine,Lauryn,Lauryn.Claudine@email.com,51
Rhu,Clary,Clary.Rhu@email.com,60
Lareena,Babita,Babita.Lareena@email.com,99
Rillings,Jaime,Jaime.Rillings@email.com,86
Lynn,Angelique,Angelique.Lynn@email.com,64
Ochs,Elena,Elena.Ochs@email.com,89
Edee,Yetty,Yetty.Edee@email.com,98
Fillbert,Jean,Jean.Fillbert@email.com,56
Schroth,Chrystel,Chrystel.Schroth@email.com,63
Friede,Dulcinea,Dulcinea.Friede@email.com,96
Ramona,Ana,Ana.Ramona@email.com,66
Erskine,Riannon,Riannon.Erskine@email.com,73
O'Carroll,Carol-Jean,Carol-Jean.O'Carroll@email.com,96
Monaco,Christal,Christal.Monaco@email.com,90
Alice,Kaja,Kaja.Alice@email.com,79
Ummersen,Ricky,Ricky.Ummersen@email.com,77
Rhu,Shandie,Shandie.Rhu@email.com,62
Herrera,Brandise,Brandise.Herrera@email.com,90
Khorma,Kathi,Kathi.Khorma@email.com,72
Berne,Emma,Emma.Berne@email.com,73
Schonfeld,Patricia,Patricia.Schonfeld@email.com,62
Germann,Kittie,Kittie.Germann@email.com,54
Demitria,Lily,Lily.Demitria@email.com,86
Pascia,Betta,Betta.Pascia@email.com,70
O'Carroll,Sara-Ann,Sara-Ann.O'Carroll@email.com,50
Kussell,Jennica,Jennica.Kussell@email.com,86
Leonard,Janenna,Janenna.Leonard@email.com,72
Baptlsta,Dolli,Dolli.Baptlsta@email.com,100
Boycey,Adelle,Adelle.Boycey@email.com,97
Raimondo,Alleen,Alleen.Raimondo@email.com,63
Bury,Susan,Susan.Bury@email.com,84
McCutcheon,Chandra,Chandra.McCutcheon@email.com,86
Emanuel,Agnese,Agnese.Emanuel@email.com,100
Germann,Corry,Corry.Germann@email.com,98
Stav,Debee,Debee.Stav@email.com,72
Sidonius,Damaris,Damaris.Sidonius@email.com,79
Imelida,Edyth,Edyth.Imelida@email.com,53
Terencio,Kristina,Kristina.Terencio@email.com,87
Chabot,Adriana,Adriana.Chabot@email.com,87
Astra,Carlie,Carlie.Astra@email.com,77
Suanne,Kathi,Kathi.Suanne@email.com,72
Wind,Estell,Estell.Wind@email.com,89
Gahl,Sibella,Sibella.Gahl@email.com,94
Malina,Estell,Estell.Malina@email.com,96
Sidonius,Lanae,Lanae.Sidonius@email.com,82
Kesley,Frances,Frances.Kesley@email.com,70
Etom,Robinia,Robinia.Etom@email.com,85
Kimmie,Julieta,Julieta.Kimmie@email.com,68
Ogren,Alia,Alia.Ogren@email.com,57
Eachern,Wileen,Wileen.Eachern@email.com,87
Simmonds,Addia,Addia.Simmonds@email.com,91
Whittaker,Coral,Coral.Whittaker@email.com,83
Candy,Gavrielle,Gavrielle.Candy@email.com,63
Nester,Jaclyn,Jaclyn.Nester@email.com,69
Killigrew,Annaliese,Annaliese.Killigrew@email.com,91
Lasley,Christy,Christy.Lasley@email.com,96
Delp,Lauryn,Lauryn.Delp@email.com,61
Cleavland,Beatriz,Beatriz.Cleavland@email.com,54
Kolnick,Correy,Correy.Kolnick@email.com,69
Hepsibah,Dennie,Dennie.Hepsibah@email.com,85
Moina,Ermengarde,Ermengarde.Moina@email.com,89
Anderea,Nelle,Nelle.Anderea@email.com,91
Zenas,Coral,Coral.Zenas@email.com,100
Grayce,Constance,Constance.Grayce@email.com,80
Buttaro,Starla,Starla.Buttaro@email.com,76
Noam,Daryl,Daryl.Noam@email.com,86
Lucienne,Daphne,Daphne.Lucienne@email.com,58
Frendel,Shaylyn,Shaylyn.Frendel@email.com,61
Bates,Aimil,Aimil.Bates@email.com,94
Clarissa,Mignon,Mignon.Clarissa@email.com,50
Tybald,Hildegaard,Hildegaard.Tybald@email.com,98
Bibi,Keelia,Keelia.Bibi@email.com,66
Anselmi,Marita,Marita.Anselmi@email.com,94
Dash,Peri,Peri.Dash@email.com,53
Emerson,Mellicent,Mellicent.Emerson@email.com,76
Kylander,Kerrin,Kerrin.Kylander@email.com,68
LaRue,Tina,Tina.LaRue@email.com,99
Carmena,Lily,Lily.Carmena@email.com,85
Lay,Anica,Anica.Lay@email.com,51
Seessel,Philis,Philis.Seessel@email.com,78
Tjon,Doralynne,Doralynne.Tjon@email.com,53
Wittie,Paule,Paule.Wittie@email.com,72
Ophelia,Chandra,Chandra.Ophelia@email.com,56
Naashom,Elfreda,Elfreda.Naashom@email.com,50
Engdahl,Nariko,Nariko.Engdahl@email.com,69
Salchunas,Dyann,Dyann.Salchunas@email.com,65
Urias,Aaren,Aaren.Urias@email.com,50
Doig,Stacey,Stacey.Doig@email.com,98
Publia,Gertrud,Gertrud.Publia@email.com,91
Robertson,Jean,Jean.Robertson@email.com,91
Douglass,Tori,Tori.Douglass@email.com,77
Morrill,Lelah,Lelah.Morrill@email.com,98
Harriman,Judy,Judy.Harriman@email.com,66
Etom,Antonietta,Antonietta.Etom@email.com,57
Vittoria,Mady,Mady.Vittoria@email.com,93
Ashok,Dagmar,Dagmar.Ashok@email.com,53
Brackely,Perry,Perry.Brackely@email.com,60
Skell,Gratia,Gratia.Skell@email.com,52
Jary,Lulita,Lulita.Jary@email.com,70
Zaslow,Valera,Valera.Zaslow@email.com,87
Torray,Nyssa,Nyssa.Torray@email.com,60
Zetta,Marti,Marti.Zetta@email.com,61
Astra,Marcy,Marcy.Astra@email.com,60
Hebner,Benita,Benita.Hebner@email.com,77
Lattie,Sharai,Sharai.Lattie@email.com,69
Yorick,Stacey,Stacey.Yorick@email.com,95
Argus,Wilma,Wilma.Argus@email.com,50
Pauly,Gui,Gui.Pauly@email.com,63
Hachmin,Leona,Leona.Hachmin@email.com,54
Suk,Rayna,Rayna.Suk@email.com,52
Bibi,Hollie,Hollie.Bibi@email.com,82
Reidar,Mureil,Mureil.Reidar@email.com,77
Clara,Elvira,Elvira.Clara@email.com,62
Fosque,Lynea,Lynea.Fosque@email.com,82
Helve,Fernande,Fernande.Helve@email.com,71
Erlandson,Jennica,Jennica.Erlandson@email.com,58
Madelene,Florie,Florie.Madelene@email.com,83
Sparhawk,Rhea,Rhea.Sparhawk@email.com,97
Zachary,Queenie,Queenie.Zachary@email.com,68
MacIntosh,Dione,Dione.MacIntosh@email.com,66
Alexandr,Fernande,Fernande.Alexandr@email.com,57
Whiffen,Cathie,Cathie.Whiffen@email.com,74
Howlyn,Iseabal,Iseabal.Howlyn@email.com,90
Flita,Estell,Estell.Flita@email.com,77
Therine,Ileana,Ileana.Therine@email.com,99
Maisey,Beverley,Beverley.Maisey@email.com,97
Anselmi,Morganica,Morganica.Anselmi@email.com,57
Rudolph,Devina,Devina.Rudolph@email.com,95
Borrell,Althea,Althea.Borrell@email.com,66
Dosia,Blake,Blake.Dosia@email.com,60
Plato,Ardenia,Ardenia.Plato@email.com,82
Kalinda,Ilse,Ilse.Kalinda@email.com,92
Atcliffe,Shauna,Shauna.Atcliffe@email.com,54
Fredi,Iseabal,Iseabal.Fredi@email.com,91
Jethro,Heida,Heida.Jethro@email.com,94
Klemperer,Mignon,Mignon.Klemperer@email.com,59
Thilda,Eolanda,Eolanda.Thilda@email.com,93
Engdahl,Vinita,Vinita.Engdahl@email.com,91
Fancie,Amara,Amara.Fancie@email.com,71
Monk,Carol-Jean,Carol-Jean.Monk@email.com,90
Rudolph,Benita,Benita.Rudolph@email.com,53
Urania,Myrtice,Myrtice.Urania@email.com,96
Suanne,Darci,Darci.Suanne@email.com,58
Virgin,Marguerite,Marguerite.Virgin@email.com,67
Magdalen,Brana,Brana.Magdalen@email.com,71
Kunin,Dede,Dede.Kunin@email.com,85
Honoria,Jessy,Jessy.Honoria@email.com,97
Toffic,Bernardine,Bernardine.Toffic@email.com,76
Elsinore,Lynnea,Lynnea.Elsinore@email.com,90
Grimbly,Fina,Fina.Grimbly@email.com,55
Love,Eve,Eve.Love@email.com,76
Crudden,Catharine,Catharine.Crudden@email.com,60
Toor,Viviene,Viviene.Toor@email.com,84
Dorine,Fina,Fina.Dorine@email.com,72
Cadmar,Florie,Florie.Cadmar@email.com,100
Tayib,Dione,Dione.Tayib@email.com,54
Verger,Tani,Tani.Verger@email.com,70
Maisey,Danny,Danny.Maisey@email.com,82
Wolfgram,Kathi,Kathi.Wolfgram@email.com,74
Erminia,Bobinette,Bobinette.Erminia@email.com,99
Claudine,Jobi,Jobi.Claudine@email.com,76
Cornelia,Sonni,Sonni.Cornelia@email.com,62
Bryna,Kara-Lynn,Kara-Lynn.Bryna@email.com,67
Shanley,Aubrie,Aubrie.Shanley@email.com,67
Hoenack,Collen,Collen.Hoenack@email.com,100
Elo,Xylina,Xylina.Elo@email.com,61
Klotz,Jolyn,Jolyn.Klotz@email.com,79
Martsen,Mureil,Mureil.Martsen@email.com,88
Noelyn,Corry,Corry.Noelyn@email.com,94
Rogerio,Lorie,Lorie.Rogerio@email.com,98
Ferrell,Ezmeralda,Ezmeralda.Ferrell@email.com,71
Audly,Ardys,Ardys.Audly@email.com,63
Hoenack,Viki,Viki.Hoenack@email.com,51
Giule,Sibella,Sibella.Giule@email.com,73
Gavrila,Petronia,Petronia.Gavrila@email.com,79
Dreda,Shaine,Shaine.Dreda@email.com,72
Melan,Alia,Alia.Melan@email.com,80
Hermes,Leeanne,Leeanne.Hermes@email.com,62
McGrody,Leona,Leona.McGrody@email.com,55
Marijo,Cacilie,Cacilie.Marijo@email.com,91
Karylin,Moyna,Moyna.Karylin@email.com,92
Lucienne,Kara-Lynn,Kara-Lynn.Lucienne@email.com,74
Melan,Aili,Aili.Melan@email.com,90
Kesley,Mara,Mara.Kesley@email.com,99
Maisey,Jasmina,Jasmina.Maisey@email.com,89
Jobi,Lisette,Lisette.Jobi@email.com,81
Eachern,Madeleine,Madeleine.Eachern@email.com,53
Colyer,Jean,Jean.Colyer@email.com,78
Sherfield,Annabela,Annabela.Sherfield@email.com,61
Hutchison,Ketti,Ketti.Hutchison@email.com,72
Blisse,Randa,Randa.Blisse@email.com,90
Aaberg,Helsa,Helsa.Aaberg@email.com,59
Angelis,Jenda,Jenda.Angelis@email.com,87
Hirsch,Jany,Jany.Hirsch@email.com,98
Lanita,Harrietta,Harrietta.Lanita@email.com,68
McLaughlin,Tomasina,Tomasina.McLaughlin@email.com,66
Doig,Madelle,Madelle.Doig@email.com,74
Toni,Babita,Babita.Toni@email.com,86
Pettiford,Rosaline,Rosaline.Pettiford@email.com,52
Winnick,Magdalena,Magdalena.Winnick@email.com,59
Kathie,Frances,Frances.Kathie@email.com,78
Ralfston,Tersina,Tersina.Ralfston@email.com,62
Obed,Nerta,Nerta.Obed@email.com,78
Niles,Fawne,Fawne.Niles@email.com,66
Orpah,Morganica,Morganica.Orpah@email.com,51
Azeria,Ezmeralda,Ezmeralda.Azeria@email.com,64
Lilas,Kaja,Kaja.Lilas@email.com,95
Whittaker,Roslyn,Roslyn.Whittaker@email.com,93
Rosette,Wileen,Wileen.Rosette@email.com,51
Lesley,Lorne,Lorne.Lesley@email.com,77
Jalbert,Gisela,Gisela.Jalbert@email.com,90
Fabiola,Sibella,Sibella.Fabiola@email.com,53
Sallyann,Dorene,Dorene.Sallyann@email.com,67
Remmer,Kore,Kore.Remmer@email.com,97
Bertold,Donetta,Donetta.Bertold@email.com,53
Zenas,Heida,Heida.Zenas@email.com,74
Claudine,Thalia,Thalia.Claudine@email.com,73
Adamsen,Gloria,Gloria.Adamsen@email.com,78
Kare,Konstance,Konstance.Kare@email.com,58
Fosque,Lynnea,Lynnea.Fosque@email.com,52
Erb,Cyndie,Cyndie.Erb@email.com,86
McAdams,Harrietta,Harrietta.McAdams@email.com,69
Ogren,Kylynn,Kylynn.Ogren@email.com,86
Brackely,Maisey,Maisey.Brackely@email.com,65
Eachern,Basia,Basia.Eachern@email.com,70
Percy,Carolina,Carolina.Percy@email.com,71
Nadia,Shandie,Shandie.Nadia@email.com,91
Germann,Heddie,Heddie.Germann@email.com,75
Bandeen,Elvira,Elvira.Bandeen@email.com,70
Nadia,Odessa,Odessa.Nadia@email.com,85
Pettiford,Mariele,Mariele.Pettiford@email.com,71
Albertine,Cyndie,Cyndie.Albertine@email.com,55
Neils,Katleen,Katleen.Neils@email.com,57
Byrne,Lizzie,Lizzie.Byrne@email.com,65
Atcliffe,Kerrin,Kerrin.Atcliffe@email.com,76
Zitvaa,Blake,Blake.Zitvaa@email.com,79
Sallyann,Petronia,Petronia.Sallyann@email.com,91
Ferrell,Merry,Merry.Ferrell@email.com,94
Azeria,Vere,Vere.Azeria@email.com,89
Fennessy,Tarra,Tarra.Fennessy@email.com,75
Roarke,Melina,Melina.Roarke@email.com,88
Cleo,Fidelia,Fidelia.Cleo@email.com,57
Charmine,Wynne,Wynne.Charmine@email.com,66
Uund,Nataline,Nataline.Uund@email.com,82
Gunn,Mady,Mady.Gunn@email.com,85
Lacombe,Pierette,Pierette.Lacombe@email.com,54
Toni,Bee,Bee.Toni@email.com,91
Ruvolo,Ardenia,Ardenia.Ruvolo@email.com,72
Rosette,Gabi,Gabi.Rosette@email.com,97
Allina,Jessy,Jessy.Allina@email.com,81
Land,Jordan,Jordan.Land@email.com,63
My,Anestassia,Anestassia.My@email.com,60
Ferino,Gerrie,Gerrie.Ferino@email.com,84
Anis,Cordi,Cordi.Anis@email.com,95
Argus,Elsie,Elsie.Argus@email.com,56
Huggins,Ellette,Ellette.Huggins@email.com,61
Colleen,Karolina,Karolina.Colleen@email.com,89
Alwin,Odessa,Odessa.Alwin@email.com,97
Bari,Sherrie,Sherrie.Bari@email.com,82
Auberbach,Pearline,Pearline.Auberbach@email.com,67
Glenden,Marita,Marita.Glenden@email.com,69
Jillane,Mara,Mara.Jillane@email.com,81
Redmond,Damaris,Damaris.Redmond@email.com,57
Chick,Karly,Karly.Chick@email.com,88
Deegan,Asia,Asia.Deegan@email.com,82
Sholley,Dawn,Dawn.Sholley@email.com,99
Olnee,Maridel,Maridel.Olnee@email.com,88
Lia,Tressa,Tressa.Lia@email.com,83
Tufts,Ofilia,Ofilia.Tufts@email.com,57
Nicoline,Aryn,Aryn.Nicoline@email.com,88
Mauer,Lanna,Lanna.Mauer@email.com,67
Dominy,Phylis,Phylis.Dominy@email.com,57
Salvidor,Clementine,Clementine.Salvidor@email.com,59
Fancie,Elmira,Elmira.Fancie@email.com,53
Sherfield,Karena,Karena.Sherfield@email.com,73
Kristi,Antonietta,Antonietta.Kristi@email.com,73
Anis,Frances,Frances.Anis@email.com,85
Tyson,Sabina,Sabina.Tyson@email.com,80
Georas,Lorenza,Lorenza.Georas@email.com,95
Beebe,Zondra,Zondra.Beebe@email.com,67
Marsden,Letizia,Letizia.Marsden@email.com,90
Brian,Sibella,Sibella.Brian@email.com,51
Blake,Evaleen,Evaleen.Blake@email.com,82
Schlosser,Theodora,Theodora.Schlosser@email.com,65
Clie,Phylis,Phylis.Clie@email.com,85
Tillford,Paulita,Paulita.Tillford@email.com,52
Firmin,Edee,Edee.Firmin@email.com,54
Concha,Lexine,Lexine.Concha@email.com,67
Macey,Lenna,Lenna.Macey@email.com,60
Candy,Addia,Addia.Candy@email.com,57
Mehalek,Cathyleen,Cathyleen.Mehalek@email.com,70
Melleta,Siana,Siana.Melleta@email.com,84
Johnsson,Monika,Monika.Johnsson@email.com,70
Atonsah,Fanny,Fanny.Atonsah@email.com,88
Docilla,Glenda,Glenda.Docilla@email.com,79
Yorick,Kaja,Kaja.Yorick@email.com,96
Candy,Livvyy,Livvyy.Candy@email.com,98
Vittoria,Liana,Liana.Vittoria@email.com,61
Rosemary,Tina,Tina.Rosemary@email.com,81
Friede,Melodie,Melodie.Friede@email.com,74
Eckblad,Tilly,Tilly.Eckblad@email.com,89
Jethro,Janenna,Janenna.Jethro@email.com,82
Travax,Vita,Vita.Travax@email.com,67
Sancho,Margarette,Margarette.Sancho@email.com,80
Ashely,Kathy,Kathy.Ashely@email.com,77
Eugenia,Jaime,Jaime.Eugenia@email.com,95
Emanuel,Lonnie,Lonnie.Emanuel@email.com,91
Knowling,Lorne,Lorne.Knowling@email.com,76
McCutcheon,Daphne,Daphne.McCutcheon@email.com,92
Valoniah,Cathie,Cathie.Valoniah@email.com,82
Pulsifer,Ilse,Ilse.Pulsifer@email.com,94
Colleen,Lita,Lita.Colleen@email.com,61
Jobi,Thalia,Thalia.Jobi@email.com,68
Raffo,Nita,Nita.Raffo@email.com,72
Euridice,Gabriellia,Gabriellia.Euridice@email.com,51
Jena,Joceline,Joceline.Jena@email.com,62
Janene,Gertrud,Gertrud.Janene@email.com,60
Agle,Alejandra,Alejandra.Agle@email.com,51
Greyson,Atlanta,Atlanta.Greyson@email.com,88
Alisia,Gusty,Gusty.Alisia@email.com,64
Barrus,Alejandra,Alejandra.Barrus@email.com,91
Obed,Kirbee,Kirbee.Obed@email.com,84
Lasley,Cacilie,Cacilie.Lasley@email.com,88
Casimir,Maridel,Maridel.Casimir@email.com,53
Mallon,Caressa,Caressa.Mallon@email.com,61
Casimir,Miquela,Miquela.Casimir@email.com,94
Marcellus,Dari,Dari.Marcellus@email.com,57
Othilia,Pearline,Pearline.Othilia@email.com,80
Isidore,Joelly,Joelly.Isidore@email.com,72
Harriman,Blinni,Blinni.Harriman@email.com,96
Lowry,Tonia,Tonia.Lowry@email.com,74
Hourigan,Justinn,Justinn.Hourigan@email.com,92
Belanger,Rhoda,Rhoda.Belanger@email.com,97
Deegan,Goldie,Goldie.Deegan@email.com,70
Lowry,Orsola,Orsola.Lowry@email.com,51
Laurianne,Valera,Valera.Laurianne@email.com,81
Alice,Roslyn,Roslyn.Alice@email.com,53
Haymes,Ginnie,Ginnie.Haymes@email.com,92
Tamsky,Ayn,Ayn.Tamsky@email.com,63
Kare,Catrina,Catrina.Kare@email.com,67
Iphlgenia,Emylee,Emylee.Iphlgenia@email.com,99
Hazlett,Cacilie,Cacilie.Hazlett@email.com,68
Esmaria,Brena,Brena.Esmaria@email.com,68
Tengdin,Sue,Sue.Tengdin@email.com,98
Wilkinson,Karly,Karly.Wilkinson@email.com,97
Phi,Louella,Louella.Phi@email.com,88
Montgomery,Emma,Emma.Montgomery@email.com,71
Byrne,Clary,Clary.Byrne@email.com,84
Gino,Rubie,Rubie.Gino@email.com,69
Hessler,Feliza,Feliza.Hessler@email.com,55
Ellerey,Elbertina,Elbertina.Ellerey@email.com,70
Havens,Adriana,Adriana.Havens@email.com,51
Hermes,Silvana,Silvana.Hermes@email.com,90
Krystle,Ingrid,Ingrid.Krystle@email.com,94
Wooster,Roberta,Roberta.Wooster@email.com,52
Wadell,Ermengarde,Ermengarde.Wadell@email.com,96
Ciro,Coral,Coral.Ciro@email.com,64
Hailee,Corry,Corry.Hailee@email.com,65
Schroth,Minne,Minne.Schroth@email.com,72
Raul,Margarette,Margarette.Raul@email.com,70
Lissi,Bernardine,Bernardine.Lissi@email.com,75
Orelee,Anthia,Anthia.Orelee@email.com,73
Norrie,Kimmy,Kimmy.Norrie@email.com,77
Tayib,Di,Di.Tayib@email.com,78
Rocray,Emelina,Emelina.Rocray@email.com,81
Gherardo,Ardenia,Ardenia.Gherardo@email.com,88
Haerr,Marjie,Marjie.Haerr@email.com,81
Erb,Sidoney,Sidoney.Erb@email.com,99
Maryanne,Millie,Millie.Maryanne@email.com,72
Constancy,Sharai,Sharai.Constancy@email.com,70
Pozzy,Marsiella,Marsiella.Pozzy@email.com,71
Dulciana,Lulita,Lulita.Dulciana@email.com,97
Quent,Magdalena,Magdalena.Quent@email.com,68
Charity,Paule,Paule.Charity@email.com,92
Yusuk,Sharlene,Sharlene.Yusuk@email.com,61
Constancy,Abbie,Abbie.Constancy@email.com,75
Kiyoshi,Ingrid,Ingrid.Kiyoshi@email.com,95
Rheingold,Deloria,Deloria.Rheingold@email.com,75
Kamaria,June,June.Kamaria@email.com,58
Wesle,Sandie,Sandie.Wesle@email.com,74
Zrike,Almeta,Almeta.Zrike@email.com,83
Sundin,Edyth,Edyth.Sundin@email.com,67
Daniele,Moyna,Moyna.Daniele@email.com,51
Soneson,Riannon,Riannon.Soneson@email.com,98
Schroth,Hettie,Hettie.Schroth@email.com,81
Neva,Lanae,Lanae.Neva@email.com,79
Ivens,Lucille,Lucille.Ivens@email.com,51
Jaylene,Bee,Bee.Jaylene@email.com,62
Thunell,Bettine,Bettine.Thunell@email.com,75
Sundin,Andree,Andree.Sundin@email.com,68
Obed,Andree,Andree.Obed@email.com,85
Sheng,Minda,Minda.Sheng@email.com,50
Bahr,Ardeen,Ardeen.Bahr@email.com,63
Eachern,Starla,Starla.Eachern@email.com,53
Yorick,Carree,Carree.Yorick@email.com,73
Joseph,Mellicent,Mellicent.Joseph@email.com,81
Felecia,Rochette,Rochette.Felecia@email.com,58
Eachern,Siana,Siana.Eachern@email.com,73
Carbo,Jaclyn,Jaclyn.Carbo@email.com,93
Kermit,Claresta,Claresta.Kermit@email.com,56
Tippets,Hettie,Hettie.Tippets@email.com,53
Hylan,Dode,Dode.Hylan@email.com,60
Kaete,Daune,Daune.Kaete@email.com,66
Marsden,Deane,Deane.Marsden@email.com,62
Markman,Dede,Dede.Markman@email.com,75
Marden,Glynnis,Glynnis.Marden@email.com,82
Engdahl,Kamilah,Kamilah.Engdahl@email.com,70
Dowski,Netty,Netty.Dowski@email.com,78
Sibyls,Nataline,Nataline.Sibyls@email.com,69
Alisia,Kristina,Kristina.Alisia@email.com,57
Cutlerr,Donnie,Donnie.Cutlerr@email.com,52
Odell,Atlanta,Atlanta.Odell@email.com,89
Wiener,Kylynn,Kylynn.Wiener@email.com,60
Wooster,Minne,Minne.Wooster@email.com,51
Tamar,Elsie,Elsie.Tamar@email.com,81
Cordi,Basia,Basia.Cordi@email.com,68
Imelida,Edith,Edith.Imelida@email.com,58
Shaddock,Kelly,Kelly.Shaddock@email.com,62
Lanita,Jere,Jere.Lanita@email.com,51
Pond,Olivette,Olivette.Pond@email.com,59
Kinnard,Suzette,Suzette.Kinnard@email.com,54
Meli,Henriette,Henriette.Meli@email.com,100
Strephon,Queenie,Queenie.Strephon@email.com,69
Abernon,Cherrita,Cherrita.Abernon@email.com,60
Kirstin,Charlena,Charlena.Kirstin@email.com,57
Even,Lulita,Lulita.Even@email.com,83
Brian,Adele,Adele.Brian@email.com,74
Daegal,Tabbatha,Tabbatha.Daegal@email.com,92
Ariella,Lonnie,Lonnie.Ariella@email.com,63
Bonilla,Betta,Betta.Bonilla@email.com,79
Goth,Alex,Alex.Goth@email.com,82
Elvyn,Nita,Nita.Elvyn@email.com,67
Mintz,Darlleen,Darlleen.Mintz@email.com,73
Kirbee,Mireielle,Mireielle.Kirbee@email.com,83
Ax,Dode,Dode.Ax@email.com,64
Gale,Andeee,Andeee.Gale@email.com,73
Amasa,Rubie,Rubie.Amasa@email.com,83
Emanuel,Adele,Adele.Emanuel@email.com,53
Ardra,Cherrita,Cherrita.Ardra@email.com,77
Skurnik,Adore,Adore.Skurnik@email.com,64
Sawtelle,Sue,Sue.Sawtelle@email.com,56
Moina,Rosene,Rosene.Moina@email.com,78
Jaylene,Zsa Zsa,Zsa Zsa.Jaylene@email.com,100
Ramona,Sara-Ann,Sara-Ann.Ramona@email.com,88
Kussell,Jeanna,Jeanna.Kussell@email.com,64
Hebner,Chere,Chere.Hebner@email.com,64
Anastatius,Georgina,Georgina.Anastatius@email.com,96
Bates,Wendi,Wendi.Bates@email.com,57
Olin,Farrah,Farrah.Olin@email.com,92
Raseda,Phedra,Phedra.Raseda@email.com,60
Catie,Joleen,Joleen.Catie@email.com,53
Delila,Janenna,Janenna.Delila@email.com,60
Erich,Amara,Amara.Erich@email.com,51
Franza,Lizzie,Lizzie.Franza@email.com,91
Riordan,Anthia,Anthia.Riordan@email.com,62
Brittani,Shannah,Shannah.Brittani@email.com,50
Bobbee,Oralee,Oralee.Bobbee@email.com,70
Croix,Basia,Basia.Croix@email.com,56
Gusella,Kirbee,Kirbee.Gusella@email.com,74
Fabiola,Olivette,Olivette.Fabiola@email.com,54
Joeann,Ericka,Ericka.Joeann@email.com,67
Seligman,Celisse,Celisse.Seligman@email.com,63
Schonfeld,Giustina,Giustina.Schonfeld@email.com,79
Gregrory,Sabina,Sabina.Gregrory@email.com,90
Marijo,Merle,Merle.Marijo@email.com,94
Neils,Eadie,Eadie.Neils@email.com,83
Burch,Renae,Renae.Burch@email.com,74
Sheng,Alameda,Alameda.Sheng@email.com,67
Aprile,Marguerite,Marguerite.Aprile@email.com,50
Kunin,Madalyn,Madalyn.Kunin@email.com,100
Plato,Stephanie,Stephanie.Plato@email.com,86
Paton,Marika,Marika.Paton@email.com,78
Peonir,Aili,Aili.Peonir@email.com,98
Noman,Frank,Frank.Noman@email.com,64
Hubert,Tori,Tori.Hubert@email.com,57
Zamora,Elise,Elise.Zamora@email.com,98
Ciapas,Netty,Netty.Ciapas@email.com,100
Robertson,Marcelline,Marcelline.Robertson@email.com,92
Glenden,Taffy,Taffy.Glenden@email.com,97
Havens,Mary,Mary.Havens@email.com,62
Palocz,Carilyn,Carilyn.Palocz@email.com,98
Justinn,Adriana,Adriana.Justinn@email.com,61
Niccolo,Sissy,Sissy.Niccolo@email.com,67
Erlandson,Beverley,Beverley.Erlandson@email.com,78
Adore,Tybie,Tybie.Adore@email.com,71
Fiester,Tomasina,Tomasina.Fiester@email.com,100
Boycey,Sonni,Sonni.Boycey@email.com,85
Jenness,Ardeen,Ardeen.Jenness@email.com,56
Brittani,Malina,Malina.Brittani@email.com,59
Florina,Willetta,Willetta.Florina@email.com,99
Weitman,Alisha,Alisha.Weitman@email.com,76
Monaco,Rochette,Rochette.Monaco@email.com,51
Koziara,Carly,Carly.Koziara@email.com,77
Seagraves,Rivalee,Rivalee.Seagraves@email.com,93
Virgin,Shaylyn,Shaylyn.Virgin@email.com,65
Zamora,Corly,Corly.Zamora@email.com,66
Aprile,Corene,Corene.Aprile@email.com,87
Uird,Kerrin,Kerrin.Uird@email.com,56
Orelee,Jordan,Jordan.Orelee@email.com,87
Lewes,Nollie,Nollie.Lewes@email.com,63
Nedrud,Winny,Winny.Nedrud@email.com,90
Pauly,Celestyna,Celestyna.Pauly@email.com,71
Lia,Dyann,Dyann.Lia@email.com,89
Raychel,Lila,Lila.Raychel@email.com,96
Laverne,Briney,Briney.Laverne@email.com,70
Astra,Marita,Marita.Astra@email.com,95
Juan,Jemie,Jemie.Juan@email.com,80
Lalitta,Patricia,Patricia.Lalitta@email.com,89
Natica,Tierney,Tierney.Natica@email.com,53
Cloris,Danika,Danika.Cloris@email.com,50
Buckler,Caryl,Caryl.Buckler@email.com,64
Gino,Pollyanna,Pollyanna.Gino@email.com,59
Anselmi,Rhoda,Rhoda.Anselmi@email.com,74
Kauppi,Konstance,Konstance.Kauppi@email.com,83
Amadas,Angelique,Angelique.Amadas@email.com,84
Vharat,Tressa,Tressa.Vharat@email.com,71
Halla,Jorry,Jorry.Halla@email.com,95
Noman,Emelina,Emelina.Noman@email.com,79
Etom,Sibella,Sibella.Etom@email.com,62
Newell,Chandra,Chandra.Newell@email.com,85
Weinreb,Kelly,Kelly.Weinreb@email.com,96
Karl,Laurene,Laurene.Karl@email.com,60
Modie,Clarice,Clarice.Modie@email.com,68
Hebner,Claudina,Claudina.Hebner@email.com,82
Sasnett,Lexine,Lexine.Sasnett@email.com,84
Malvino,Jacenta,Jacenta.Malvino@email.com,74
